<?xml version="1.0" encoding="utf-8" ?>
<Patch>

    <Operation Class="PatchOperationSequence">
        <success>Always</success>
        <operations>
            <li Class="PatchOperationTest">
                <xpath>*/StatDef[defName="SellPriceFactor"]/parts</xpath>
                <success>Invert</success>
            </li>
            <li Class="PatchOperationAdd">
                <xpath>*/StatDef[defName="SellPriceFactor"]</xpath>
                <value>
                    <parts/>
                </value>
            </li>
        </operations>
    </Operation>

    <Operation Class="PatchOperationAdd">
        <xpath>*/StatDef[defName="SellPriceFactor"]/parts</xpath>
        <value>
            <li Class="ProfitableWeapons.StatPart_IsLootedWeapon"/>
        </value>
    </Operation>

</Patch>